<?xml version="1.0" encoding="utf-8"?>
<extension type="file" version="3.0.0" method="upgrade" mosetsExtension="mtreeFieldtype">
	<name>category</name>
	<caption>Category</caption>
	<author>Lee Cher Yeong</author>
	<creationDate>November 2013</creationDate>
	<copyright>(C) 2013 Mosets Consulting. All rights reserved.</copyright>
	<license>GNU General Public License version 2 or later</license>
	<authorEmail>mtree@mosets.com</authorEmail>
	<authorUrl>www.mosets.com</authorUrl>
	<version>3.5.4</version>
	<description></description>
	<useElements>0</useElements>
	<useSize>0</useSize>
	<taggable>0</taggable>
	<fileset>
		<files folder="." target="administrator/components/com_mtree/fieldtypes/category">
			<filename>category.php</filename>
			<filename>category.xml</filename>
			<filename>index.html</filename>
		</files>
	</fileset>
    <config>
        <fields>
            <fieldset name="basic" addfieldpath="/administrator/components/com_mtree/jformfields">
                <field name="cat_id" type="mtreecategory"
                       default="0"
                       label="Search Category"
                       description="Select a parent category. Sub-categories of the selected category will be available for search in Filters and Advanced Search form."
                        />
            </fieldset>
        </fields>
    </config>
	<updateservers>
		<server type="extension">http://update.mosets.com/mtree/fieldtypes/category.xml</server>
	</updateservers>
</extension>

