<?xml version="1.0" encoding="utf-8"?>
<extension type="file" version="3.0.0" method="upgrade" mosetsExtension="mtreeFieldtype">
	<name>listingid</name>
	<caption>Listing ID</caption>
	<author>Lee Cher Yeong</author>
	<creationDate>July 2011</creationDate>
	<copyright>(C) 2011 Mosets Consulting. All rights reserved.</copyright>
	<license>GNU General Public License version 2 or later</license>
	<authorEmail>mtree@mosets.com</authorEmail>
	<authorUrl>www.mosets.com</authorUrl>
	<version>3.0.0</version>
	<description>Listing ID</description>
	<useElements>0</useElements>
	<useSize>0</useSize>
	<taggable>0</taggable>
	<fileset>
		<files folder="." target="administrator/components/com_mtree/fieldtypes/listingid">
			<filename>listingid.php</filename>
			<filename>listingid.xml</filename>
			<filename>index.html</filename>
		</files>
	</fileset>
	<config>
		<fields>
			<fieldset name="basic">
				<field name="prefixCode" type="text" default="" label="Prefix Code" description="Prefix Code allow you to prepend HTML tags or texts to the Link ID output."/>
				<field name="suffixCode" type="text" default="" label="Suffix Code" description="Prefix Code allow you to append HTML tags or texts to the Link ID output."/>
			</fieldset>
		</fields>
	</config>
	<updateservers>
		<server type="extension">http://update.mosets.com/mtree/fieldtypes/listingid.xml</server>
	</updateservers>
</extension>