<?xml version="1.0" encoding="utf-8"?>
<extension type="file" version="3.0.0" method="upgrade" mosetsExtension="mtreeFieldtype">
	<name>mtags</name>
	<caption>Tags</caption>
	<author>Lee Cher Yeong</author>
	<creationDate>October 2013</creationDate>
	<copyright>(C) 2011-2013 Mosets Consulting. All rights reserved.</copyright>
	<license>GNU General Public License version 2 or later</license>
	<authorEmail>mtree@mosets.com</authorEmail>
	<authorUrl>www.mosets.com</authorUrl>
	<version>3.5.3</version>
	<description></description>
	<useElements>0</useElements>
	<useSize>1</useSize>
	<taggable>1</taggable>
	<fileset>
		<files folder="." target="administrator/components/com_mtree/fieldtypes/mtags">
			<filename>mtags.php</filename>
			<filename>mtags.xml</filename>
			<filename>index.html</filename>
		</files>
	</fileset>
	<config>
		<fields>
			<fieldset name="basic">
				<field name="maxChars" type="text" default="80" label="Max. characters" description="The maximum number of characters allowed in this field."/>
                <field name="sort_by" type="list" default="alpha" label="Sort by" description="Select the sorting method when presenting the available tags.">
                    <option value="alpha">Alphabetically (0-9&#8218; A-Z)</option>
                    <option value="freq">Frequency (Most used first)</option>
                </field>

                <field
                        name="searchOperator"
                        type="radio"
                        class="btn-group"
                        default="2"
                        label="Search Operator"
                        description="Select how results are being returned when searching against this field. Selecting 'Match All' will return listings matching all selected elements/values. Selecting 'Match Any' will return listings matching any one of the selected elements/values.">
                    <option value="1">Match All</option>
                    <option value="2">Match Any</option>
                </field>
			</fieldset>
		</fields>
	</config>
	<updateservers>
		<server type="extension">http://update.mosets.com/mtree/fieldtypes/mtags.xml</server>
	</updateservers>
</extension>