<?xml version="1.0" encoding="utf-8"?>
<extension type="module" version="3.1" client="site" method="upgrade">
	<name>mod_mt_alphaindex</name>
	<author>Mosets Consulting</author>
	<creationDate>January 2014</creationDate>
	<copyright>(C) 2009-2014 Mosets Consulting. All rights reserved.</copyright>
    	<license>GNU General Public License</license>
	<authorEmail>mtree@mosets.com</authorEmail>
	<authorUrl>www.mosets.com</authorUrl>
	<version>3.5.6</version>
	<description>MOD_MT_ALPHAINDEX_XML_DESCRIPTION</description>
	<files>
		<filename module="mod_mt_alphaindex">mod_mt_alphaindex.php</filename>
		<filename>helper.php</filename>
		<filename>index.html</filename>
		<folder>tmpl</folder>
	</files>
	<languages>
		<language tag="en-GB">en-GB.mod_mt_alphaindex.ini</language>
		<language tag="en-GB">en-GB.mod_mt_alphaindex.sys.ini</language>
	</languages>
	<config>
		<fields name="params">
			<fieldset name="basic" addfieldpath="/administrator/components/com_mtree/elements">
				<field name="direction" type="radio" default="vertical" label="MOD_MT_ALPHAINDEX_FIELD_DIRECTION" description="MOD_MT_ALPHAINDEX_FIELD_DIRECTION_DESC" class="radio btn-group">
					<option value="vertical">MOD_MT_ALPHAINDEX_FIELD_VALUE_VERTICAL</option>
					<option value="horizontal">MOD_MT_ALPHAINDEX_FIELD_VALUE_HORIZONTAL</option>
				</field>
				<field name="show_number" type="radio" default="1" label="MOD_MT_ALPHAINDEX_FIELD_SHOW09_LABEL" description="MOD_MT_ALPHAINDEX_FIELD_SHOW09_DESC" class="radio btn-group">
					<option value="1">JYES</option>
					<option value="0">JNO</option>
				</field>
				<field name="display_total_links" type="radio" default="0" label="MOD_MT_ALPHAINDEX_FIELD_SHOWTOTALLINKS_LABEL" description="MOD_MT_ALPHAINDEX_FIELD_SHOWTOTALLINKS_DESC" class="radio btn-group">
					<option value="1">JYES</option>
					<option value="0">JNO</option>
				</field>
				<field name="show_empty" type="radio" default="0" label="MOD_MT_ALPHAINDEX_FIELD_SHOWEMPTYALPHABETS_LABEL" description="MOD_MT_ALPHAINDEX_FIELD_SHOWEMPTYALPHABETS_DESC" class="radio btn-group">
					<option value="1">JYES</option>
					<option value="0">JNO</option>
				</field>
                <field name="limit_to_cat_id" type="text" default="0" label="MOD_MT_ALPHAINDEX_FIELD_LIMIT_TO_CAT_ID_LABEL" description="MOD_MT_ALPHAINDEX_FIELD_LIMIT_TO_CAT_ID_DESC" />
                <field name="seperator" type="text" default=" " label="MOD_MT_ALPHAINDEX_FIELD_SEPARATOR_LABEL" description="MOD_MT_ALPHAINDEX_FIELD_SEPARATOR_DESC" />
			</fieldset>
			<fieldset name="assignment">
				<field
					name="module_assignment"
					type="mtmoduleassignment"
					label="COM_MODULES_MODULE_ASSIGN" />
				<field
					name="categories_assignment"
					type="categoriesassignment"
					label="MOD_MT_ALPHAINDEX_FIELD_CATEGORIES_ASSIGNMENT_LABEL"
					description="MOD_MT_ALPHAINDEX_FIELD_CATEGORIES_ASSIGNMENT_DESC" />
				<field
					name="pages_assignment"
					type="mtpagesassignment"
					label="MOD_MT_ALPHAINDEX_FIELD_PAGES_ASSIGNMENT_LABEL"
					description="MOD_MT_ALPHAINDEX_FIELD_PAGES_ASSIGNMENT_DESC" />
			</fieldset>
			<fieldset name="advanced">
				<field
					name="moduleclass_sfx"
					type="text"
					label="COM_MODULES_FIELD_MODULECLASS_SFX_LABEL"
					description="COM_MODULES_FIELD_MODULECLASS_SFX_DESC" />
				<field name="cache" type="list" default="1" label="COM_MODULES_FIELD_CACHING_LABEL" description="COM_MODULES_FIELD_CACHING_DESC">
					<option value="1">JGLOBAL_USE_GLOBAL</option>
					<option value="0">COM_MODULES_FIELD_VALUE_NOCACHING</option>
				</field>
			</fieldset>
		</fields>
	</config>
</extension>