<?xml version="1.0" encoding="utf-8"?>
<extension version="1.0" type="plugin" group="user" method="upgrade">
	<name>PLG_USER_PROFILEPICTURE</name>
	<author>Mosets Consulting</author>
	<creationDate>April 2012</creationDate>
	<copyright>(C) 2012 Mosets Consulting. All rights reserved.</copyright>
	<license>GNU General Public License version 2 or later; see LICENSE.txt</license>
	<authorEmail>mtree@mosets.com</authorEmail>
	<authorUrl>www.mosets.com</authorUrl>
	<version>1.1.0</version>
	<description>PLG_USER_PROFILEPICTURE_XML_DESCRIPTION</description>
	<languages folder="language">
		<language tag="en-GB">en-GB/en-GB.plg_user_profilepicture.ini</language>
		<language tag="en-GB">en-GB/en-GB.plg_user_profilepicture.sys.ini</language>
	</languages>
	<files>
		<folder>profiles</folder>
		<folder>elements</folder>
		<filename plugin="profilepicture">profilepicture.php</filename>
		<filename>index.html</filename>
	</files>
	<media folder="media/plg_user_profilepicture" destination="plg_user_profilepicture">
		<filename>index.html</filename>
		<folder>images</folder>
	</media>
</extension>