<?xml version="1.0" encoding="utf-8"?>
<!-- $Id$ -->
<extension type="module" version="3.1" client="site"	method="upgrade">
	<name>mod_mt_dtree</name>
	<author>Mosets Consulting</author>
	<creationDate>October 2013</creationDate>
	<copyright>(C) 2005-2013 Mosets Consulting. All rights reserved.</copyright>
    <license>GNU General Public License</license>
	<authorEmail>mtree@mosets.com</authorEmail>
	<authorUrl>www.mosets.com</authorUrl>
	<version>3.5.3</version>
	<description>MOD_MT_DTREE_XML_DESC</description>
	<files>
		<filename module="mod_mt_dtree">mod_mt_dtree.php</filename>
		<filename>helper.php</filename>
		<filename>index.html</filename>
		<folder>tmpl</folder>
	</files>
	<languages>
		<language tag="en-GB">en-GB.mod_mt_dtree.ini</language>
		<language tag="en-GB">en-GB.mod_mt_dtree.sys.ini</language>
	</languages>
	<config>
		<fields name="params">
			<fieldset name="basic" addfieldpath="/administrator/components/com_mtree/elements">
				<field name="root_image" type="text" label="MOD_MT_DTREE_FIELD_ROOT_IMAGE_LABEL" default="media/com_mtree/images/dtree/base.gif" />
				<field name="cat_image" type="text" label="MOD_MT_DTREE_FIELD_CATEGORY_IMAGE_LABEL" default="media/com_mtree/images/dtree/folder.gif" />
				<field name="root_catid" type="text" label="MOD_MT_DTREE_FIELD_PARENT_CAT_ID_LABEL" default="0" description="MOD_MT_DTREE_FIELD_PARENT_CAT_ID_DESC" />
				<field name="cat_level" type="text" label="MOD_MT_DTREE_FIELD_CATEGORY_LEVEL_LABEL" default="2" description="MOD_MT_DTREE_FIELD_CATEGORY_LEVEL_DESC"  />

				<field name="width" type="text" label="MOD_MT_DTREE_FIELD_WIDTH_LABEL" default="159" description="MOD_MT_DTREE_FIELD_WIDTH_DESC"  />
		
				<field name="show_listings" type="radio" default="0" label="MOD_MT_DTREE_FIELD_SHOWLISTINGS_LABEL" class="radio btn-group">
					<option value="1">JYES</option>
					<option value="0">JNO</option>
				</field>
				<field name="listing_order1" type="list" default="link_name" label="MOD_MT_DTREE_FIELD_LISTINGORDERING_LABEL" description="MOD_MT_DTREE_FIELD_LISTINGORDERING_DESC">
					<option value="link_name">MOD_MT_DTREE_VALUE_NAME</option>
					<option value="link_created">MOD_MT_DTREE_VALUE_CREATED</option>
					<option value="link_modified">MOD_MT_DTREE_VALUE_MODIFIED</option>
					<option value="ordering">MOD_MT_DTREE_VALUE_CUSTOMORDERING</option>
				</field>
				<field name="listing_order2" type="list" default="asc" label="MOD_MT_DTREE_FIELD_LISTINGORDERINGDIRECTION_LABEL" description="MOD_MT_DTREE_FIELD_LISTINGORDERINGDIRECTION_DESC">
					<option value="asc">MOD_MT_DTREE_VALUE_ASCENDING</option>
					<option value="desc">MOD_MT_DTREE_VALUE_DESCENDING</option>
				</field>

				<field name="@spacer" type="spacer" default="" label="" description="" />

				<field name="show_empty_cat" type="list" default="-1" label="MOD_MT_DTREE_FIELD_SHOWEMPTYCAT_LABEL" description="MOD_MT_DTREE_FIELD_SHOWEMPTYCAT_DESC">
					<option value="-1">JDEFAULT</option>
					<option value="1">JYES</option>
					<option value="0">JNO</option>
				</field>
				<field name="show_totalcats" type="radio" default="0" label="MOD_MT_DTREE_FIELD_SHOWCATCOUNT_LABEL" description="MOD_MT_DTREE_FIELD_SHOWCATCOUNT_DESC" class="radio btn-group">
					<option value="1">JYES</option>
					<option value="0">JNO</option>
				</field>
				<field name="show_totallisting" type="radio" default="0" label="MOD_MT_DTREE_FIELD_SHOWLISTINGCOUNT_LABEL" description="MOD_MT_DTREE_FIELD_SHOWLISTINGCOUNT_DESC" class="radio btn-group">
					<option value="1">JYES</option>
					<option value="0">JNO</option>
				</field>
				<field name="closesamelevel" type="radio" default="1" label="MOD_MT_DTREE_FIELD_CLOSESAMELEVEL_LABEL" description="MOD_MT_DTREE_FIELD_CLOSESAMELEVEL_DESC" class="radio btn-group">
					<option value="1">JYES</option>
					<option value="0">JNO</option>
				</field>
			</fieldset>
			<fieldset name="assignment">
				<field
					name="module_assignment"
					type="mtmoduleassignment"
					label="COM_MODULES_MODULE_ASSIGN" />
				<field
					name="categories_assignment"
					type="categoriesassignment"
					label="MOD_MT_DTREE_FIELD_CATEGORIES_ASSIGNMENT_LABEL"
					description="MOD_MT_DTREE_FIELD_CATEGORIES_ASSIGNMENT_DESC" />
				<field
					name="pages_assignment"
					type="mtpagesassignment"
					label="MOD_MT_DTREE_FIELD_PAGES_ASSIGNMENT_LABEL"
					description="MOD_MT_DTREE_FIELD_PAGES_ASSIGNMENT_DESC" />
			</fieldset>
			<fieldset
				name="advanced">
				<field
					name="moduleclass_sfx"
					type="text"
					label="COM_MODULES_FIELD_MODULECLASS_SFX_LABEL"
					description="COM_MODULES_FIELD_MODULECLASS_SFX_DESC" />
			</fieldset>
		</fields>
	</config>
</extension>