<?xml version="1.0" encoding="utf-8"?>
<extension type="file" version="3.0.0" method="upgrade" mosetsExtension="mtreeFieldtype">
	<name>captcha</name>
	<caption>Captcha</caption>
	<author>Lee Cher Yeong</author>
	<creationDate>May 2012</creationDate>
	<copyright>(C) 2012 Mosets Consulting. All rights reserved.</copyright>
	<license>GNU General Public License version 2 or later</license>
	<authorEmail>mtree@mosets.com</authorEmail>
	<authorUrl>www.mosets.com</authorUrl>
	<version>3.0.0</version>
	<description>Captcha allows you to use Google's reCaptcha service to prevent bots from submitting listing. This fieldtype is only displayed in front-end during submission of a new listing.</description>
	<useElements>0</useElements>
	<useSize>0</useSize>
	<taggable>0</taggable>
	<isFile>0</isFile>
	<fileset>
		<files folder="." target="administrator/components/com_mtree/fieldtypes/captcha">
			<filename>captcha.php</filename>
			<filename>captcha.xml</filename>
			<filename>index.html</filename>
		</files>
	</fileset>
	<updateservers>
		<server type="extension">http://update.mosets.com/mtree/fieldtypes/captcha.xml</server>
	</updateservers>
</extension>