<?xml version="1.0" encoding="utf-8"?>
<!-- $Id: mod_mt_filter.xml 1281 2011-12-02 10:24:06Z cy $ -->
<extension type="module" version="3.1" client="site"	method="upgrade">
	<name>mod_mt_filter</name>
	<author>Mosets Consulting</author>
	<creationDate>October 2013</creationDate>
	<copyright>(C) 2011-2013 Mosets Consulting. All rights reserved.</copyright>
    <license>GNU General Public License</license>
	<authorEmail>mtree@mosets.com</authorEmail>
	<authorUrl>www.mosets.com</authorUrl>
	<version>3.5.3</version>
	<description>MOD_MT_FILTER_XML_DESC</description>
	<files>
		<filename module="mod_mt_filter">mod_mt_filter.php</filename>
		<filename>helper.php</filename>
		<filename>index.html</filename>
		<folder>tmpl</folder>
	</files>
	<languages>
		<language tag="en-GB">en-GB.mod_mt_filter.ini</language>
		<language tag="en-GB">en-GB.mod_mt_filter.sys.ini</language>
	</languages>
    <media destination="mod_mt_filter">
        <folder>css</folder>
    </media>
    <config>
		<fields name="params">
			<fieldset name="basic" addfieldpath="/administrator/components/com_mtree/elements">
				<field name="filter_button" type="radio" default="1" label="MOD_MT_FILTER_FIELD_FILTERBUTTON_LABEL" description="MOD_MT_FILTER_FIELD_FILTERBUTTON_DESC" class="radio btn-group">
					<option value="0">JNO</option>
					<option value="1">JYES</option>
				</field>
				<field name="reset_button" type="radio" default="1" label="MOD_MT_FILTER_FIELD_RESETBUTTON_LABEL" description="MOD_MT_FILTER_FIELD_RESETBUTTON_DESC" class="radio btn-group">
					<option value="0">JNO</option>
					<option value="1">JYES</option>
				</field>
				<field name="cat_id" type="text" default="0" label="MOD_MT_FILTER_FIELD_CATID_LABEL" description="MOD_MT_FILTER_FIELD_CATID_DESC" />
				<field name="fields" type="mtfields" default="" label="MOD_MT_LISTING_FIELD_DISPLAYFIELDS_LABEL" description="MOD_MT_LISTING_FIELD_DISPLAYFIELDS_DESC" />
			</fieldset>
			<fieldset name="assignment">
				<field
					name="module_assignment"
					type="mtmoduleassignment"
					label="COM_MODULES_MODULE_ASSIGN" />
				<field
					name="categories_assignment"
					type="categoriesassignment"
					label="MOD_MT_FILTER_FIELD_CATEGORIES_ASSIGNMENT_LABEL"
					description="MOD_MT_FILTER_FIELD_CATEGORIES_ASSIGNMENT_DESC" />
				<field
					name="pages_assignment"
					type="mtpagesassignment"
					label="MOD_MT_FILTER_FIELD_PAGES_ASSIGNMENT_LABEL"
					description="MOD_MT_FILTER_FIELD_PAGES_ASSIGNMENT_DESC" />
			</fieldset>
			<fieldset name="advanced">
				<field
					name="moduleclass_sfx"
					type="text"
					label="COM_MODULES_FIELD_MODULECLASS_SFX_LABEL"
					description="COM_MODULES_FIELD_MODULECLASS_SFX_DESC" />
				<field name="cache" type="list" default="1" label="COM_MODULES_FIELD_CACHING_LABEL" description="COM_MODULES_FIELD_CACHING_DESC">
					<option value="1">JGLOBAL_USE_GLOBAL</option>
					<option value="0">COM_MODULES_FIELD_VALUE_NOCACHING</option>
				</field>
			</fieldset>
		</fields>
	</config>
</extension>