<?xml version="1.0" encoding="utf-8"?>
<extension type="file" version="3.0.0" method="upgrade" mosetsExtension="mtreeFieldtype">
	<name>youtube</name>
	<caption>Youtube</caption>
	<author>Lee Cher Yeong</author>
	<creationDate>March 2012</creationDate>
	<copyright>(C) 2012 Mosets Consulting. All rights reserved.</copyright>
	<license>GNU General Public License version 2 or later</license>
	<authorEmail>mtree@mosets.com</authorEmail>
	<authorUrl>www.mosets.com</authorUrl>
	<version>3.0.0</version>
	<description>Show an embedded Youtube video player.</description>
	<useElements>0</useElements>
	<useSize>1</useSize>
	<taggable>0</taggable>
	<fileset>
		<files folder="." target="administrator/components/com_mtree/fieldtypes/youtube">
			<filename>youtube.php</filename>
			<filename>youtube.xml</filename>
			<filename>index.html</filename>
		</files>
	</fileset>
	<config>
		<fields>
			<fieldset name="basic">
				<field name="checkboxLabel" type="text" default="Contains video" label="Search's checkbox label" />

				<field name="@spacer" type="spacer" />

				<field name="youtubeWidth" type="text" default="560" label="Video player's width." description=" Leave empty for default." />
				<field name="youtubeHeight" type="text" default="315" label="Video player's height." description=" Leave empty for default." />
				<field name="youtubeInputDescription" type="text" default="Enter the full URL of the Youtube video page.&lt;br /&gt;ie: &lt;b&gt;http://youtube.com/watch?v=OHpANlSG7OI&lt;/b&gt;" label="Youtube's Input description" />
			</fieldset>
		</fields>
	</config>
	<updateservers>
		<server type="extension">http://update.mosets.com/mtree/fieldtypes/youtube.xml</server>
	</updateservers>
</extension>